{"has_child":1,"home_url":"https:\/\/pagemeconsultancy.com","child_file":{"pagemeconsultancy.com_wpvivid-617bdba2bdd48_2021-10-29-17-01_backup_db.zip":{"dump_db":1,"home_url":"https:\/\/pagemeconsultancy.com","file_type":"databases","root_flag":"custom","file":"pagemeconsultancy.com_wpvivid-617bdba2bdd48_2021-10-29-17-01_backup_db.zip","php_version":"7.4.21","mysql_version":"5.5.5"}},"root_flag":"custom","file":"pagemeconsultancy.com_wpvivid-617bdba2bdd48_2021-10-29-17-01_backup_all.zip","php_version":"7.4.21","mysql_version":"5.5.5"}